{"cameraMode":{"drawMode":0,"name":"Shaded","section":"Shading Mode"},"sceneLighting":false,"audioPlay":false,"sceneViewState":{"m_AlwaysRefresh":false,"showFog":true,"showSkybox":false,"showFlares":true,"showImageEffects":true,"showParticleSystems":true,"showVisualEffectGraphs":true,"m_FxEnabled":true},"in2DMode":false,"pivot":{"x":21.952110290527345,"y":0.6052590608596802,"z":-0.3511621952056885},"rotation":{"x":0.08013366162776947,"y":0.1095154732465744,"z":-0.008919794112443924,"w":0.9907754063606262},"size":2.844597816467285,"orthographic":false}